<?xml version="1.0" encoding="UTF-8"?>
<ApexClass xmlns="http://soap.sforce.com/2006/04/metadata">
    <apiVersion>41.0</apiVersion>
    <packageVersions>
        <majorNumber>2</majorNumber>
        <minorNumber>8</minorNumber>
        <namespace>LLCLP</namespace>
    </packageVersions>
    <packageVersions>
        <majorNumber>2</majorNumber>
        <minorNumber>414</minorNumber>
        <namespace>LLC_BI</namespace>
    </packageVersions>
    <packageVersions>
        <majorNumber>2</majorNumber>
        <minorNumber>173</minorNumber>
        <namespace>NDOC</namespace>
    </packageVersions>
    <packageVersions>
        <majorNumber>3</majorNumber>
        <minorNumber>5</minorNumber>
        <namespace>SBSS</namespace>
    </packageVersions>
    <packageVersions>
        <majorNumber>1</majorNumber>
        <minorNumber>262</minorNumber>
        <namespace>nCRED</namespace>
    </packageVersions>
    <packageVersions>
        <majorNumber>2</majorNumber>
        <minorNumber>135</minorNumber>
        <namespace>nSBA</namespace>
    </packageVersions>
    <status>Active</status>
</ApexClass>
