<?xml version="1.0" encoding="UTF-8"?>
<ApexClass xmlns="http://soap.sforce.com/2006/04/metadata">
    <apiVersion>40.0</apiVersion>
    <packageVersions>
        <majorNumber>2</majorNumber>
        <minorNumber>414</minorNumber>
        <namespace>LLC_BI</namespace>
    </packageVersions>
    <packageVersions>
        <majorNumber>1</majorNumber>
        <minorNumber>4</minorNumber>
        <namespace>LLC_HI</namespace>
    </packageVersions>
    <packageVersions>
        <majorNumber>3</majorNumber>
        <minorNumber>5</minorNumber>
        <namespace>SBSS</namespace>
    </packageVersions>
    <packageVersions>
        <majorNumber>2</majorNumber>
        <minorNumber>555</minorNumber>
        <namespace>nFORCE</namespace>
    </packageVersions>
    <packageVersions>
        <majorNumber>2</majorNumber>
        <minorNumber>271</minorNumber>
        <namespace>nFUSE</namespace>
    </packageVersions>
    <packageVersions>
        <majorNumber>2</majorNumber>
        <minorNumber>240</minorNumber>
        <namespace>nPortal</namespace>
    </packageVersions>
    <packageVersions>
        <majorNumber>2</majorNumber>
        <minorNumber>135</minorNumber>
        <namespace>nSBA</namespace>
    </packageVersions>
    <status>Active</status>
</ApexClass>
