<?xml version="1.0" encoding="UTF-8"?>
<ApexClass xmlns="http://soap.sforce.com/2006/04/metadata">
    <apiVersion>41.0</apiVersion>
    <packageVersions>
        <majorNumber>2</majorNumber>
        <minorNumber>271</minorNumber>
        <namespace>LLC_BI</namespace>
    </packageVersions>
    <packageVersions>
        <majorNumber>3</majorNumber>
        <minorNumber>4</minorNumber>
        <namespace>SBSS</namespace>
    </packageVersions>
    <packageVersions>
        <majorNumber>2</majorNumber>
        <minorNumber>118</minorNumber>
        <namespace>nSBA</namespace>
    </packageVersions>
    <status>Active</status>
</ApexClass>
