<?xml version="1.0" encoding="UTF-8"?>
<ApexClass xmlns="http://soap.sforce.com/2006/04/metadata">
    <apiVersion>39.0</apiVersion>
    <packageVersions>
        <majorNumber>2</majorNumber>
        <minorNumber>1</minorNumber>
        <namespace>LLC_BI</namespace>
    </packageVersions>
    <packageVersions>
        <majorNumber>2</majorNumber>
        <minorNumber>2</minorNumber>
        <namespace>SBSS</namespace>
    </packageVersions>
    <packageVersions>
        <majorNumber>1</majorNumber>
        <minorNumber>154</minorNumber>
        <namespace>nFUSE</namespace>
    </packageVersions>
    <status>Active</status>
</ApexClass>
