<?xml version="1.0" encoding="UTF-8"?>
<ApexClass xmlns="http://soap.sforce.com/2006/04/metadata">
    <apiVersion>35.0</apiVersion>
    <packageVersions>
        <majorNumber>2</majorNumber>
        <minorNumber>159</minorNumber>
        <namespace>LLC_BI</namespace>
    </packageVersions>
    <packageVersions>
        <majorNumber>2</majorNumber>
        <minorNumber>290</minorNumber>
        <namespace>nFORCE</namespace>
    </packageVersions>
    <packageVersions>
        <majorNumber>1</majorNumber>
        <minorNumber>154</minorNumber>
        <namespace>nFUSE</namespace>
    </packageVersions>
    <status>Active</status>
</ApexClass>
