<?xml version="1.0" encoding="UTF-8"?>
<ApexPage xmlns="http://soap.sforce.com/2006/04/metadata">
    <apiVersion>40.0</apiVersion>
    <availableInTouch>false</availableInTouch>
    <confirmationTokenRequired>false</confirmationTokenRequired>
    <label>FICOBusinessLookup</label>
    <packageVersions>
        <majorNumber>2</majorNumber>
        <minorNumber>435</minorNumber>
        <namespace>nFORCE</namespace>
    </packageVersions>
    <packageVersions>
        <majorNumber>1</majorNumber>
        <minorNumber>214</minorNumber>
        <namespace>nFUSE</namespace>
    </packageVersions>
</ApexPage>
