<?xml version="1.0" encoding="UTF-8"?>
<ApexComponent xmlns="http://soap.sforce.com/2006/04/metadata">
    <apiVersion>34.0</apiVersion>
    <label>CSA_OverviewConfiguration</label>
    <packageVersions>
        <majorNumber>2</majorNumber>
        <minorNumber>45</minorNumber>
        <namespace>LLC_BI</namespace>
    </packageVersions>
    <packageVersions>
        <majorNumber>2</majorNumber>
        <minorNumber>113</minorNumber>
        <namespace>nFORCE</namespace>
    </packageVersions>
</ApexComponent>
