<?xml version="1.0" encoding="UTF-8"?>
<ApexComponent xmlns="http://soap.sforce.com/2006/04/metadata">
    <apiVersion>38.0</apiVersion>
    <label>CSA_GeneratingKeysLoading</label>
    <packageVersions>
        <majorNumber>2</majorNumber>
        <minorNumber>84</minorNumber>
        <namespace>LLC_BI</namespace>
    </packageVersions>
    <packageVersions>
        <majorNumber>2</majorNumber>
        <minorNumber>14</minorNumber>
        <namespace>nDESIGN</namespace>
    </packageVersions>
    <packageVersions>
        <majorNumber>2</majorNumber>
        <minorNumber>181</minorNumber>
        <namespace>nFORCE</namespace>
    </packageVersions>
</ApexComponent>
